{
	"credit": "Made with Blockbench",
	"ambientocclusion": false,
	"textures": {
		"particle": "#flowerbed"
	},
	"elements": [
		{
			"from": [0, 2.99, 0],
			"to": [8, 2.99, 8],
			"faces": {
				"up": {"uv": [0, 0, 8, 8], "texture": "#flowerbed"},
				"down": {"uv": [0, 8, 8, 0], "texture": "#flowerbed"}
			}
		},
		{
			"from": [7.75, 0, -0.45],
			"to": [7.75, 2.99, 0.55],
			"rotation": {"angle": -45, "axis": "y", "origin": [0, 0, 0]},
			"faces": {
				"east": {"uv": [0, 4, 1, 7], "texture": "#stem", "tintindex": 1},
				"west": {"uv": [0, 4, 1, 7], "texture": "#stem", "tintindex": 1}
			}
		},
		{
			"from": [2.15, 0, -0.5],
			"to": [2.15, 2.99, 0.5],
			"rotation": {"angle": -45, "axis": "y", "origin": [0, 0, 0]},
			"faces": {
				"east": {"uv": [0, 4, 1, 7], "texture": "#stem", "tintindex": 1},
				"west": {"uv": [0, 4, 1, 7], "texture": "#stem", "tintindex": 1}
			}
		},
		{
			"from": [1.65, 0, 0],
			"to": [2.65, 2.99, 0],
			"rotation": {"angle": -45, "axis": "y", "origin": [0, 0, 0]},
			"faces": {
				"north": {"uv": [0, 4, 1, 7], "texture": "#stem", "tintindex": 1},
				"south": {"uv": [0, 4, 1, 7], "texture": "#stem", "tintindex": 1}
			}
		},
		{
			"from": [7.25, 0, 0.05],
			"to": [8.25, 2.99, 0.05],
			"rotation": {"angle": -45, "axis": "y", "origin": [0, 0, 0]},
			"faces": {
				"north": {"uv": [0, 4, 1, 7], "texture": "#stem", "tintindex": 1},
				"south": {"uv": [0, 4, 1, 7], "texture": "#stem", "tintindex": 1}
			}
		}
	]
}